-- Master Data Import Script
-- Generated by Gemini CLI

-- 1. Auth Users

INSERT INTO auth.users (id, email, raw_user_meta_data, created_at, updated_at, role, is_super_admin, email_confirmed_at)
VALUES (
    '1b5bc810-c737-5406-8590-68f495bf50e5',
    'jose.molla@example.com',
    '{"first_name": "Jose", "last_name": "Molla"}',
    NOW(),
    NOW(),
    'authenticated',
    FALSE,
    NOW()
) ON CONFLICT (id) DO NOTHING;

INSERT INTO auth.users (id, email, raw_user_meta_data, created_at, updated_at, role, is_super_admin, email_confirmed_at)
VALUES (
    '0116835a-b1ef-52fe-bffc-a93a23859d15',
    'kyle.gulamerian@example.com',
    '{"first_name": "Kyle", "last_name": "Gulamerian"}',
    NOW(),
    NOW(),
    'authenticated',
    FALSE,
    NOW()
) ON CONFLICT (id) DO NOTHING;

INSERT INTO auth.users (id, email, raw_user_meta_data, created_at, updated_at, role, is_super_admin, email_confirmed_at)
VALUES (
    '5effb696-9d8e-56e2-bf10-05f1a9a2ccba',
    'matthias@xventures.de',
    '{"first_name": "Matthias", "last_name": "Reiser"}',
    NOW(),
    NOW(),
    'authenticated',
    FALSE,
    NOW()
) ON CONFLICT (id) DO NOTHING;

INSERT INTO auth.users (id, email, raw_user_meta_data, created_at, updated_at, role, is_super_admin, email_confirmed_at)
VALUES (
    'a839e2e2-32a6-50b3-8222-2e42a4477564',
    'thomas.puech@example.com',
    '{"first_name": "Thomas", "last_name": "Puech"}',
    NOW(),
    NOW(),
    'authenticated',
    FALSE,
    NOW()
) ON CONFLICT (id) DO NOTHING;

INSERT INTO auth.users (id, email, raw_user_meta_data, created_at, updated_at, role, is_super_admin, email_confirmed_at)
VALUES (
    '62de504b-ef46-55d0-8b53-2166ddb61883',
    'danielle@iamfashion-st.com',
    '{"first_name": "Danielle", "last_name": "Richetta"}',
    NOW(),
    NOW(),
    'authenticated',
    FALSE,
    NOW()
) ON CONFLICT (id) DO NOTHING;

INSERT INTO auth.users (id, email, raw_user_meta_data, created_at, updated_at, role, is_super_admin, email_confirmed_at)
VALUES (
    'faaa9b08-c545-5b67-9e4a-6f83f599423b',
    'nathana.l.cohen@example.com',
    '{"first_name": "Nathanaël", "last_name": "Cohen"}',
    NOW(),
    NOW(),
    'authenticated',
    FALSE,
    NOW()
) ON CONFLICT (id) DO NOTHING;

INSERT INTO auth.users (id, email, raw_user_meta_data, created_at, updated_at, role, is_super_admin, email_confirmed_at)
VALUES (
    '0e8a1ee8-8276-5c5a-9a21-8a75846a0434',
    'blondish@example.com',
    '{"first_name": "Blondish", "last_name": ""}',
    NOW(),
    NOW(),
    'authenticated',
    FALSE,
    NOW()
) ON CONFLICT (id) DO NOTHING;

INSERT INTO auth.users (id, email, raw_user_meta_data, created_at, updated_at, role, is_super_admin, email_confirmed_at)
VALUES (
    '5836c530-b8f1-5e57-93e5-af65ab618593',
    'TAC Program',
    '{"first_name": "Victoria", "last_name": ""}',
    NOW(),
    NOW(),
    'authenticated',
    FALSE,
    NOW()
) ON CONFLICT (id) DO NOTHING;

INSERT INTO auth.users (id, email, raw_user_meta_data, created_at, updated_at, role, is_super_admin, email_confirmed_at)
VALUES (
    '5e835847-27eb-58ff-ad59-995b958fe23d',
    'Babak.eftekhari@gmail.com',
    '{"first_name": "Babak", "last_name": "Eftekhari"}',
    NOW(),
    NOW(),
    'authenticated',
    FALSE,
    NOW()
) ON CONFLICT (id) DO NOTHING;

INSERT INTO auth.users (id, email, raw_user_meta_data, created_at, updated_at, role, is_super_admin, email_confirmed_at)
VALUES (
    '35d59f82-9730-5010-ba48-c97f612fa3a5',
    'indigo.digital.asset.fund.lp@example.com',
    '{"first_name": "INDIGO", "last_name": "DIGITAL ASSET FUND LP"}',
    NOW(),
    NOW(),
    'authenticated',
    FALSE,
    NOW()
) ON CONFLICT (id) DO NOTHING;

INSERT INTO auth.users (id, email, raw_user_meta_data, created_at, updated_at, role, is_super_admin, email_confirmed_at)
VALUES (
    '62de504b-ef46-55d0-8b53-2166ddb61883',
    'danielle.richetta@example.com',
    '{"first_name": "danielle", "last_name": "Richetta"}',
    NOW(),
    NOW(),
    'authenticated',
    FALSE,
    NOW()
) ON CONFLICT (id) DO NOTHING;

INSERT INTO auth.users (id, email, raw_user_meta_data, created_at, updated_at, role, is_super_admin, email_confirmed_at)
VALUES (
    '898b6c24-71d3-5a75-a29f-3ac8ec3bf2af',
    'H.kabbaj@sgtm-maroc.com',
    '{"first_name": "Kabbaj", "last_name": ""}',
    NOW(),
    NOW(),
    'authenticated',
    FALSE,
    NOW()
) ON CONFLICT (id) DO NOTHING;

INSERT INTO auth.users (id, email, raw_user_meta_data, created_at, updated_at, role, is_super_admin, email_confirmed_at)
VALUES (
    'a3221ae4-df69-562a-8a1c-160d24c73f8a',
    'julien.grunebaum@icloud.com',
    '{"first_name": "Julien", "last_name": "Grunebaum"}',
    NOW(),
    NOW(),
    'authenticated',
    FALSE,
    NOW()
) ON CONFLICT (id) DO NOTHING;

INSERT INTO auth.users (id, email, raw_user_meta_data, created_at, updated_at, role, is_super_admin, email_confirmed_at)
VALUES (
    '39678d51-7ec4-5d38-bb27-8fdb51b05366',
    'danielefrancilia@gmail.com',
    '{"first_name": "Daniele", "last_name": "Francilia"}',
    NOW(),
    NOW(),
    'authenticated',
    FALSE,
    NOW()
) ON CONFLICT (id) DO NOTHING;

INSERT INTO auth.users (id, email, raw_user_meta_data, created_at, updated_at, role, is_super_admin, email_confirmed_at)
VALUES (
    '2c9c2933-801a-5ac8-97f7-f39c8eee8cdf',
    'pib@bruellan.ch',
    '{"first_name": "Pierre", "last_name": "Bezencon"}',
    NOW(),
    NOW(),
    'authenticated',
    FALSE,
    NOW()
) ON CONFLICT (id) DO NOTHING;

INSERT INTO auth.users (id, email, raw_user_meta_data, created_at, updated_at, role, is_super_admin, email_confirmed_at)
VALUES (
    'fba6a3f3-775d-5249-88e1-769ed2e38a0f',
    'Matthew@beattyvermeiren.co.za',
    '{"first_name": "Matthew", "last_name": "Beatty"}',
    NOW(),
    NOW(),
    'authenticated',
    FALSE,
    NOW()
) ON CONFLICT (id) DO NOTHING;

INSERT INTO auth.users (id, email, raw_user_meta_data, created_at, updated_at, role, is_super_admin, email_confirmed_at)
VALUES (
    'cbae1f0b-3497-5e1b-b60d-fd68d62ced4b',
    'bokriek@hotmail.com',
    '{"first_name": "Bo", "last_name": "Kriek"}',
    NOW(),
    NOW(),
    'authenticated',
    FALSE,
    NOW()
) ON CONFLICT (id) DO NOTHING;

INSERT INTO auth.users (id, email, raw_user_meta_data, created_at, updated_at, role, is_super_admin, email_confirmed_at)
VALUES (
    'e2c558e9-7d21-5770-89a3-2f4c16a8f150',
    'dario.deiana@example.com',
    '{"first_name": "Dario", "last_name": "Deiana"}',
    NOW(),
    NOW(),
    'authenticated',
    FALSE,
    NOW()
) ON CONFLICT (id) DO NOTHING;

INSERT INTO auth.users (id, email, raw_user_meta_data, created_at, updated_at, role, is_super_admin, email_confirmed_at)
VALUES (
    '2270d947-2225-5227-a56d-d9c68d470781',
    'alain.bensimon@example.com',
    '{"first_name": "Alain", "last_name": "Bensimon"}',
    NOW(),
    NOW(),
    'authenticated',
    FALSE,
    NOW()
) ON CONFLICT (id) DO NOTHING;

INSERT INTO auth.users (id, email, raw_user_meta_data, created_at, updated_at, role, is_super_admin, email_confirmed_at)
VALUES (
    '0e70705b-c94b-5f08-be01-c1f0b7c8f276',
    'anne.cecile.noique@example.com',
    '{"first_name": "Anne", "last_name": "Cecile Noique"}',
    NOW(),
    NOW(),
    'authenticated',
    FALSE,
    NOW()
) ON CONFLICT (id) DO NOTHING;

INSERT INTO auth.users (id, email, raw_user_meta_data, created_at, updated_at, role, is_super_admin, email_confirmed_at)
VALUES (
    '5015794b-9db8-589d-a426-08e16d7d7038',
    'terance.chen@example.com',
    '{"first_name": "Terance", "last_name": "Chen"}',
    NOW(),
    NOW(),
    'authenticated',
    FALSE,
    NOW()
) ON CONFLICT (id) DO NOTHING;

INSERT INTO auth.users (id, email, raw_user_meta_data, created_at, updated_at, role, is_super_admin, email_confirmed_at)
VALUES (
    'b8681135-43f8-5432-832c-93848a66ef4d',
    'oliver.loisel@example.com',
    '{"first_name": "Oliver", "last_name": "Loisel"}',
    NOW(),
    NOW(),
    'authenticated',
    FALSE,
    NOW()
) ON CONFLICT (id) DO NOTHING;

INSERT INTO auth.users (id, email, raw_user_meta_data, created_at, updated_at, role, is_super_admin, email_confirmed_at)
VALUES (
    '2dd8daed-8ca6-5b36-90a9-d461d95c0ab2',
    'advantage.blockchain@example.com',
    '{"first_name": "Advantage", "last_name": "Blockchain"}',
    NOW(),
    NOW(),
    'authenticated',
    FALSE,
    NOW()
) ON CONFLICT (id) DO NOTHING;

INSERT INTO auth.users (id, email, raw_user_meta_data, created_at, updated_at, role, is_super_admin, email_confirmed_at)
VALUES (
    'aaefd32d-9886-51b6-ba23-1ba0f1a5ae2b',
    'indigo.ventures@example.com',
    '{"first_name": "INDIGO", "last_name": "Ventures"}',
    NOW(),
    NOW(),
    'authenticated',
    FALSE,
    NOW()
) ON CONFLICT (id) DO NOTHING;

INSERT INTO auth.users (id, email, raw_user_meta_data, created_at, updated_at, role, is_super_admin, email_confirmed_at)
VALUES (
    '464b743a-a1e7-5772-8ca6-bb4a87ebab17',
    'paul.johnson@example.com',
    '{"first_name": "Paul", "last_name": "Johnson"}',
    NOW(),
    NOW(),
    'authenticated',
    FALSE,
    NOW()
) ON CONFLICT (id) DO NOTHING;

INSERT INTO auth.users (id, email, raw_user_meta_data, created_at, updated_at, role, is_super_admin, email_confirmed_at)
VALUES (
    '812f13e6-4175-5a7e-bf2f-84cd19619805',
    'tomer.zur@example.com',
    '{"first_name": "Tomer", "last_name": "Zur"}',
    NOW(),
    NOW(),
    'authenticated',
    FALSE,
    NOW()
) ON CONFLICT (id) DO NOTHING;

INSERT INTO auth.users (id, email, raw_user_meta_data, created_at, updated_at, role, is_super_admin, email_confirmed_at)
VALUES (
    'c43810ab-af49-5b99-98e7-eb9e58087a6d',
    'sacha.oshry@example.com',
    '{"first_name": "Sacha", "last_name": "Oshry"}',
    NOW(),
    NOW(),
    'authenticated',
    FALSE,
    NOW()
) ON CONFLICT (id) DO NOTHING;

INSERT INTO auth.users (id, email, raw_user_meta_data, created_at, updated_at, role, is_super_admin, email_confirmed_at)
VALUES (
    'd80d08f7-c61e-5d78-b915-1b55851f11e3',
    'halley86@example.com',
    '{"first_name": "HALLEY86", "last_name": ""}',
    NOW(),
    NOW(),
    'authenticated',
    FALSE,
    NOW()
) ON CONFLICT (id) DO NOTHING;

INSERT INTO auth.users (id, email, raw_user_meta_data, created_at, updated_at, role, is_super_admin, email_confirmed_at)
VALUES (
    'e086ccaf-7a07-5ba9-b5b7-4359983ccfa2',
    'indigo.fees@example.com',
    '{"first_name": "Indigo", "last_name": "Fees"}',
    NOW(),
    NOW(),
    'authenticated',
    FALSE,
    NOW()
) ON CONFLICT (id) DO NOTHING;

INSERT INTO auth.users (id, email, raw_user_meta_data, created_at, updated_at, role, is_super_admin, email_confirmed_at)
VALUES (
    'a8db5b60-6cb2-5cf6-aa1f-d22fe6dd0887',
    'monica.levy.chicheportiche@example.com',
    '{"first_name": "Monica", "last_name": "Levy Chicheportiche"}',
    NOW(),
    NOW(),
    'authenticated',
    FALSE,
    NOW()
) ON CONFLICT (id) DO NOTHING;

INSERT INTO auth.users (id, email, raw_user_meta_data, created_at, updated_at, role, is_super_admin, email_confirmed_at)
VALUES (
    '2df91c31-573b-524f-a5ba-69b663e56a64',
    'nath...thomas@example.com',
    '{"first_name": "Nath", "last_name": "& Thomas"}',
    NOW(),
    NOW(),
    'authenticated',
    FALSE,
    NOW()
) ON CONFLICT (id) DO NOTHING;

INSERT INTO auth.users (id, email, raw_user_meta_data, created_at, updated_at, role, is_super_admin, email_confirmed_at)
VALUES (
    '048cb62d-f5ee-5157-82b6-c90115173517',
    'sam.johnson@example.com',
    '{"first_name": "Sam", "last_name": "Johnson"}',
    NOW(),
    NOW(),
    'authenticated',
    FALSE,
    NOW()
) ON CONFLICT (id) DO NOTHING;

INSERT INTO auth.users (id, email, raw_user_meta_data, created_at, updated_at, role, is_super_admin, email_confirmed_at)
VALUES (
    '997c46c9-775e-57bc-b081-0004e1731a30',
    'valeria.cruz@example.com',
    '{"first_name": "Valeria", "last_name": "Cruz"}',
    NOW(),
    NOW(),
    'authenticated',
    FALSE,
    NOW()
) ON CONFLICT (id) DO NOTHING;

INSERT INTO auth.users (id, email, raw_user_meta_data, created_at, updated_at, role, is_super_admin, email_confirmed_at)
VALUES (
    'a51c6009-de6c-500b-a3e9-e25cad07831b',
    'rabih.mokbel@example.com',
    '{"first_name": "Rabih", "last_name": "Mokbel"}',
    NOW(),
    NOW(),
    'authenticated',
    FALSE,
    NOW()
) ON CONFLICT (id) DO NOTHING;

INSERT INTO auth.users (id, email, raw_user_meta_data, created_at, updated_at, role, is_super_admin, email_confirmed_at)
VALUES (
    '4d0f7e52-89f7-5abd-bdc8-3547f1c0eb3e',
    'vivie...liana@example.com',
    '{"first_name": "Vivie", "last_name": "& Liana"}',
    NOW(),
    NOW(),
    'authenticated',
    FALSE,
    NOW()
) ON CONFLICT (id) DO NOTHING;

INSERT INTO auth.users (id, email, raw_user_meta_data, created_at, updated_at, role, is_super_admin, email_confirmed_at)
VALUES (
    '467c3ca9-c4ba-5129-91c2-dbed66f9171c',
    'brandon.hood@example.com',
    '{"first_name": "Brandon", "last_name": "Hood"}',
    NOW(),
    NOW(),
    'authenticated',
    FALSE,
    NOW()
) ON CONFLICT (id) DO NOTHING;

-- 2. Transactions

INSERT INTO public.transactions (investor_id, asset_code, amount, type, status, created_at)
VALUES (
    '1b5bc810-c737-5406-8590-68f495bf50e5',
    'BTC',
    2.723,
    'DEPOSIT',
    'confirmed',
    '2024-06-12'
);

INSERT INTO public.transactions (investor_id, asset_code, amount, type, status, created_at)
VALUES (
    '1b5bc810-c737-5406-8590-68f495bf50e5',
    'ETH',
    52.4,
    'DEPOSIT',
    'confirmed',
    '2024-06-12'
);

INSERT INTO public.transactions (investor_id, asset_code, amount, type, status, created_at)
VALUES (
    '1b5bc810-c737-5406-8590-68f495bf50e5',
    'BTC',
    0.745,
    'DEPOSIT',
    'confirmed',
    '2024-07-08'
);

INSERT INTO public.transactions (investor_id, asset_code, amount, type, status, created_at)
VALUES (
    '1b5bc810-c737-5406-8590-68f495bf50e5',
    'ETH',
    9.1,
    'DEPOSIT',
    'confirmed',
    '2024-07-08'
);

INSERT INTO public.transactions (investor_id, asset_code, amount, type, status, created_at)
VALUES (
    '0116835a-b1ef-52fe-bffc-a93a23859d15',
    'BTC',
    0.01,
    'DEPOSIT',
    'confirmed',
    '2024-08-21'
);

INSERT INTO public.transactions (investor_id, asset_code, amount, type, status, created_at)
VALUES (
    '0116835a-b1ef-52fe-bffc-a93a23859d15',
    'BTC',
    1.99,
    'DEPOSIT',
    'confirmed',
    '2024-08-21'
);

INSERT INTO public.transactions (investor_id, asset_code, amount, type, status, created_at)
VALUES (
    '5effb696-9d8e-56e2-bf10-05f1a9a2ccba',
    'BTC',
    4.62,
    'DEPOSIT',
    'confirmed',
    '2024-10-01'
);

INSERT INTO public.transactions (investor_id, asset_code, amount, type, status, created_at)
VALUES (
    'a839e2e2-32a6-50b3-8222-2e42a4477564',
    'BTC',
    6.5193,
    'DEPOSIT',
    'confirmed',
    '2024-10-01'
);

INSERT INTO public.transactions (investor_id, asset_code, amount, type, status, created_at)
VALUES (
    '62de504b-ef46-55d0-8b53-2166ddb61883',
    'BTC',
    5.2,
    'DEPOSIT',
    'confirmed',
    '2024-10-01'
);

INSERT INTO public.transactions (investor_id, asset_code, amount, type, status, created_at)
VALUES (
    'faaa9b08-c545-5b67-9e4a-6f83f599423b',
    'ETH',
    17.0,
    'DEPOSIT',
    'confirmed',
    '2024-10-01'
);

INSERT INTO public.transactions (investor_id, asset_code, amount, type, status, created_at)
VALUES (
    '0e8a1ee8-8276-5c5a-9a21-8a75846a0434',
    'ETH',
    120.0,
    'DEPOSIT',
    'confirmed',
    '2024-10-24'
);

INSERT INTO public.transactions (investor_id, asset_code, amount, type, status, created_at)
VALUES (
    '62de504b-ef46-55d0-8b53-2166ddb61883',
    'BTC',
    -0.27,
    'WITHDRAWAL',
    'confirmed',
    '2024-11-09'
);

INSERT INTO public.transactions (investor_id, asset_code, amount, type, status, created_at)
VALUES (
    '62de504b-ef46-55d0-8b53-2166ddb61883',
    'BTC',
    -0.124,
    'WITHDRAWAL',
    'confirmed',
    '2024-12-14'
);

INSERT INTO public.transactions (investor_id, asset_code, amount, type, status, created_at)
VALUES (
    'faaa9b08-c545-5b67-9e4a-6f83f599423b',
    'ETH',
    4.608,
    'DEPOSIT',
    'confirmed',
    '2025-03-01'
);

INSERT INTO public.transactions (investor_id, asset_code, amount, type, status, created_at)
VALUES (
    'faaa9b08-c545-5b67-9e4a-6f83f599423b',
    'ETH',
    5.226,
    'DEPOSIT',
    'confirmed',
    '2025-03-31'
);

INSERT INTO public.transactions (investor_id, asset_code, amount, type, status, created_at)
VALUES (
    '5836c530-b8f1-5e57-93e5-af65ab618593',
    'BTC',
    0.1492,
    'DEPOSIT',
    'confirmed',
    '2025-04-01'
);

INSERT INTO public.transactions (investor_id, asset_code, amount, type, status, created_at)
VALUES (
    'faaa9b08-c545-5b67-9e4a-6f83f599423b',
    'BTC',
    0.4483,
    'DEPOSIT',
    'confirmed',
    '2025-04-01'
);

INSERT INTO public.transactions (investor_id, asset_code, amount, type, status, created_at)
VALUES (
    '0e8a1ee8-8276-5c5a-9a21-8a75846a0434',
    'BTC',
    4.121,
    'DEPOSIT',
    'confirmed',
    '2025-04-01'
);

INSERT INTO public.transactions (investor_id, asset_code, amount, type, status, created_at)
VALUES (
    '0116835a-b1ef-52fe-bffc-a93a23859d15',
    'BTC',
    -2.1101,
    'WITHDRAWAL',
    'confirmed',
    '2025-05-13'
);

INSERT INTO public.transactions (investor_id, asset_code, amount, type, status, created_at)
VALUES (
    '5e835847-27eb-58ff-ad59-995b958fe23d',
    'ETH',
    27.01,
    'DEPOSIT',
    'confirmed',
    '2025-05-26'
);

INSERT INTO public.transactions (investor_id, asset_code, amount, type, status, created_at)
VALUES (
    '35d59f82-9730-5010-ba48-c97f612fa3a5',
    'ETH',
    175.0,
    'DEPOSIT',
    'confirmed',
    '2025-05-26'
);

INSERT INTO public.transactions (investor_id, asset_code, amount, type, status, created_at)
VALUES (
    'faaa9b08-c545-5b67-9e4a-6f83f599423b',
    'ETH',
    3.0466,
    'DEPOSIT',
    'confirmed',
    '2025-05-30'
);

INSERT INTO public.transactions (investor_id, asset_code, amount, type, status, created_at)
VALUES (
    '5e835847-27eb-58ff-ad59-995b958fe23d',
    'ETH',
    32.25,
    'DEPOSIT',
    'confirmed',
    '2025-05-30'
);

INSERT INTO public.transactions (investor_id, asset_code, amount, type, status, created_at)
VALUES (
    '62de504b-ef46-55d0-8b53-2166ddb61883',
    'BTC',
    -0.13,
    'WITHDRAWAL',
    'confirmed',
    '2025-05-30'
);

INSERT INTO public.transactions (investor_id, asset_code, amount, type, status, created_at)
VALUES (
    '898b6c24-71d3-5a75-a29f-3ac8ec3bf2af',
    'BTC',
    2.0,
    'DEPOSIT',
    'confirmed',
    '2025-06-11'
);

INSERT INTO public.transactions (investor_id, asset_code, amount, type, status, created_at)
VALUES (
    '5e835847-27eb-58ff-ad59-995b958fe23d',
    'USDT',
    135726.75,
    'DEPOSIT',
    'confirmed',
    '2025-06-16'
);

INSERT INTO public.transactions (investor_id, asset_code, amount, type, status, created_at)
VALUES (
    'faaa9b08-c545-5b67-9e4a-6f83f599423b',
    'ETH',
    2.0,
    'DEPOSIT',
    'confirmed',
    '2025-06-30'
);

INSERT INTO public.transactions (investor_id, asset_code, amount, type, status, created_at)
VALUES (
    '898b6c24-71d3-5a75-a29f-3ac8ec3bf2af',
    'BTC',
    0.9914,
    'DEPOSIT',
    'confirmed',
    '2025-07-11'
);

INSERT INTO public.transactions (investor_id, asset_code, amount, type, status, created_at)
VALUES (
    'a3221ae4-df69-562a-8a1c-160d24c73f8a',
    'USDT',
    109392.0,
    'DEPOSIT',
    'confirmed',
    '2025-07-14'
);

INSERT INTO public.transactions (investor_id, asset_code, amount, type, status, created_at)
VALUES (
    '39678d51-7ec4-5d38-bb27-8fdb51b05366',
    'USDT',
    109776.0,
    'DEPOSIT',
    'confirmed',
    '2025-07-14'
);

INSERT INTO public.transactions (investor_id, asset_code, amount, type, status, created_at)
VALUES (
    '2c9c2933-801a-5ac8-97f7-f39c8eee8cdf',
    'USDT',
    109333.0,
    'DEPOSIT',
    'confirmed',
    '2025-07-14'
);

INSERT INTO public.transactions (investor_id, asset_code, amount, type, status, created_at)
VALUES (
    'fba6a3f3-775d-5249-88e1-769ed2e38a0f',
    'USDT',
    255504.0,
    'DEPOSIT',
    'confirmed',
    '2025-07-14'
);

INSERT INTO public.transactions (investor_id, asset_code, amount, type, status, created_at)
VALUES (
    'cbae1f0b-3497-5e1b-b60d-fd68d62ced4b',
    'USDT',
    273807.0,
    'DEPOSIT',
    'confirmed',
    '2025-07-14'
);

INSERT INTO public.transactions (investor_id, asset_code, amount, type, status, created_at)
VALUES (
    'e2c558e9-7d21-5770-89a3-2f4c16a8f150',
    'USDT',
    199659.72,
    'DEPOSIT',
    'confirmed',
    '2025-07-17'
);

INSERT INTO public.transactions (investor_id, asset_code, amount, type, status, created_at)
VALUES (
    '5e835847-27eb-58ff-ad59-995b958fe23d',
    'USDT',
    46955.28,
    'DEPOSIT',
    'confirmed',
    '2025-07-17'
);

INSERT INTO public.transactions (investor_id, asset_code, amount, type, status, created_at)
VALUES (
    '2270d947-2225-5227-a56d-d9c68d470781',
    'USDT',
    136737.0,
    'DEPOSIT',
    'confirmed',
    '2025-07-23'
);

INSERT INTO public.transactions (investor_id, asset_code, amount, type, status, created_at)
VALUES (
    '0e70705b-c94b-5f08-be01-c1f0b7c8f276',
    'USDT',
    222687.0,
    'DEPOSIT',
    'confirmed',
    '2025-07-23'
);

INSERT INTO public.transactions (investor_id, asset_code, amount, type, status, created_at)
VALUES (
    '5015794b-9db8-589d-a426-08e16d7d7038',
    'USDT',
    219747.0,
    'DEPOSIT',
    'confirmed',
    '2025-07-23'
);

INSERT INTO public.transactions (investor_id, asset_code, amount, type, status, created_at)
VALUES (
    'b8681135-43f8-5432-832c-93848a66ef4d',
    'BTC',
    2.115364,
    'DEPOSIT',
    'confirmed',
    '2025-07-24'
);

INSERT INTO public.transactions (investor_id, asset_code, amount, type, status, created_at)
VALUES (
    '62de504b-ef46-55d0-8b53-2166ddb61883',
    'BTC',
    -0.26,
    'WITHDRAWAL',
    'confirmed',
    '2025-07-25'
);

INSERT INTO public.transactions (investor_id, asset_code, amount, type, status, created_at)
VALUES (
    '2dd8daed-8ca6-5b36-90a9-d461d95c0ab2',
    'ETH',
    32.0,
    'DEPOSIT',
    'confirmed',
    '2025-07-30'
);

INSERT INTO public.transactions (investor_id, asset_code, amount, type, status, created_at)
VALUES (
    '35d59f82-9730-5010-ba48-c97f612fa3a5',
    'ETH',
    -178.37,
    'WITHDRAWAL',
    'confirmed',
    '2025-07-30'
);

INSERT INTO public.transactions (investor_id, asset_code, amount, type, status, created_at)
VALUES (
    '898b6c24-71d3-5a75-a29f-3ac8ec3bf2af',
    'BTC',
    0.6,
    'DEPOSIT',
    'confirmed',
    '2025-07-31'
);

INSERT INTO public.transactions (investor_id, asset_code, amount, type, status, created_at)
VALUES (
    'aaefd32d-9886-51b6-ba23-1ba0f1a5ae2b',
    'USDT',
    130000.0,
    'DEPOSIT',
    'confirmed',
    '2025-08-04'
);

INSERT INTO public.transactions (investor_id, asset_code, amount, type, status, created_at)
VALUES (
    '5e835847-27eb-58ff-ad59-995b958fe23d',
    'USDT',
    10000.0,
    'DEPOSIT',
    'confirmed',
    '2025-08-04'
);

INSERT INTO public.transactions (investor_id, asset_code, amount, type, status, created_at)
VALUES (
    'fba6a3f3-775d-5249-88e1-769ed2e38a0f',
    'USDT',
    25900.0,
    'DEPOSIT',
    'confirmed',
    '2025-08-14'
);

INSERT INTO public.transactions (investor_id, asset_code, amount, type, status, created_at)
VALUES (
    '35d59f82-9730-5010-ba48-c97f612fa3a5',
    'USDT',
    111370.0,
    'DEPOSIT',
    'confirmed',
    '2025-08-19'
);

INSERT INTO public.transactions (investor_id, asset_code, amount, type, status, created_at)
VALUES (
    '62de504b-ef46-55d0-8b53-2166ddb61883',
    'BTC',
    -0.11,
    'WITHDRAWAL',
    'confirmed',
    '2025-08-20'
);

INSERT INTO public.transactions (investor_id, asset_code, amount, type, status, created_at)
VALUES (
    '898b6c24-71d3-5a75-a29f-3ac8ec3bf2af',
    'BTC',
    0.9102,
    'DEPOSIT',
    'confirmed',
    '2025-08-25'
);

INSERT INTO public.transactions (investor_id, asset_code, amount, type, status, created_at)
VALUES (
    '35d59f82-9730-5010-ba48-c97f612fa3a5',
    'SOL',
    1250.0,
    'DEPOSIT',
    'confirmed',
    '2025-09-02'
);

INSERT INTO public.transactions (investor_id, asset_code, amount, type, status, created_at)
VALUES (
    '464b743a-a1e7-5772-8ca6-bb4a87ebab17',
    'SOL',
    234.17,
    'DEPOSIT',
    'confirmed',
    '2025-09-04'
);

INSERT INTO public.transactions (investor_id, asset_code, amount, type, status, created_at)
VALUES (
    '464b743a-a1e7-5772-8ca6-bb4a87ebab17',
    'ETH',
    10.44,
    'DEPOSIT',
    'confirmed',
    '2025-09-04'
);

INSERT INTO public.transactions (investor_id, asset_code, amount, type, status, created_at)
VALUES (
    '464b743a-a1e7-5772-8ca6-bb4a87ebab17',
    'ETH',
    4.63,
    'DEPOSIT',
    'confirmed',
    '2025-09-10'
);

INSERT INTO public.transactions (investor_id, asset_code, amount, type, status, created_at)
VALUES (
    '464b743a-a1e7-5772-8ca6-bb4a87ebab17',
    'ETH',
    8.96,
    'DEPOSIT',
    'confirmed',
    '2025-09-12'
);

INSERT INTO public.transactions (investor_id, asset_code, amount, type, status, created_at)
VALUES (
    'faaa9b08-c545-5b67-9e4a-6f83f599423b',
    'ETH',
    3.35,
    'DEPOSIT',
    'confirmed',
    '2025-09-12'
);

INSERT INTO public.transactions (investor_id, asset_code, amount, type, status, created_at)
VALUES (
    '5e835847-27eb-58ff-ad59-995b958fe23d',
    'USDT',
    10000.0,
    'DEPOSIT',
    'confirmed',
    '2025-09-24'
);

INSERT INTO public.transactions (investor_id, asset_code, amount, type, status, created_at)
VALUES (
    '812f13e6-4175-5a7e-bf2f-84cd19619805',
    'ETH',
    63.1,
    'DEPOSIT',
    'confirmed',
    '2025-09-27'
);

INSERT INTO public.transactions (investor_id, asset_code, amount, type, status, created_at)
VALUES (
    '464b743a-a1e7-5772-8ca6-bb4a87ebab17',
    'BTC',
    0.4395,
    'DEPOSIT',
    'confirmed',
    '2025-10-03'
);

INSERT INTO public.transactions (investor_id, asset_code, amount, type, status, created_at)
VALUES (
    '464b743a-a1e7-5772-8ca6-bb4a87ebab17',
    'SOL',
    -236.02,
    'WITHDRAWAL',
    'confirmed',
    '2025-10-03'
);

INSERT INTO public.transactions (investor_id, asset_code, amount, type, status, created_at)
VALUES (
    '464b743a-a1e7-5772-8ca6-bb4a87ebab17',
    'ETH',
    -12.0,
    'WITHDRAWAL',
    'confirmed',
    '2025-10-03'
);

INSERT INTO public.transactions (investor_id, asset_code, amount, type, status, created_at)
VALUES (
    'aaefd32d-9886-51b6-ba23-1ba0f1a5ae2b',
    'USDT',
    -100000.0,
    'WITHDRAWAL',
    'confirmed',
    '2025-10-06'
);

INSERT INTO public.transactions (investor_id, asset_code, amount, type, status, created_at)
VALUES (
    'c43810ab-af49-5b99-98e7-eb9e58087a6d',
    'USDT',
    100000.0,
    'DEPOSIT',
    'confirmed',
    '2025-10-06'
);

INSERT INTO public.transactions (investor_id, asset_code, amount, type, status, created_at)
VALUES (
    '812f13e6-4175-5a7e-bf2f-84cd19619805',
    'ETH',
    10.051,
    'DEPOSIT',
    'confirmed',
    '2025-10-08'
);

INSERT INTO public.transactions (investor_id, asset_code, amount, type, status, created_at)
VALUES (
    '5e835847-27eb-58ff-ad59-995b958fe23d',
    'USDT',
    20000.0,
    'DEPOSIT',
    'confirmed',
    '2025-10-09'
);

INSERT INTO public.transactions (investor_id, asset_code, amount, type, status, created_at)
VALUES (
    'aaefd32d-9886-51b6-ba23-1ba0f1a5ae2b',
    'USDT',
    -27594.55,
    'WITHDRAWAL',
    'confirmed',
    '2025-10-13'
);

INSERT INTO public.transactions (investor_id, asset_code, amount, type, status, created_at)
VALUES (
    '812f13e6-4175-5a7e-bf2f-84cd19619805',
    'ETH',
    64.27,
    'DEPOSIT',
    'confirmed',
    '2025-10-14'
);

INSERT INTO public.transactions (investor_id, asset_code, amount, type, status, created_at)
VALUES (
    '5e835847-27eb-58ff-ad59-995b958fe23d',
    'ETH',
    3.75,
    'DEPOSIT',
    'confirmed',
    '2025-10-14'
);

INSERT INTO public.transactions (investor_id, asset_code, amount, type, status, created_at)
VALUES (
    'd80d08f7-c61e-5d78-b915-1b55851f11e3',
    'USDT',
    99990.0,
    'DEPOSIT',
    'confirmed',
    '2025-10-15'
);

INSERT INTO public.transactions (investor_id, asset_code, amount, type, status, created_at)
VALUES (
    '5e835847-27eb-58ff-ad59-995b958fe23d',
    'ETH',
    3.1,
    'DEPOSIT',
    'confirmed',
    '2025-10-17'
);

INSERT INTO public.transactions (investor_id, asset_code, amount, type, status, created_at)
VALUES (
    '812f13e6-4175-5a7e-bf2f-84cd19619805',
    'ETH',
    6.5417,
    'DEPOSIT',
    'confirmed',
    '2025-10-20'
);

INSERT INTO public.transactions (investor_id, asset_code, amount, type, status, created_at)
VALUES (
    '1b5bc810-c737-5406-8590-68f495bf50e5',
    'ETH',
    1.2,
    'DEPOSIT',
    'confirmed',
    '2025-10-23'
);

INSERT INTO public.transactions (investor_id, asset_code, amount, type, status, created_at)
VALUES (
    '812f13e6-4175-5a7e-bf2f-84cd19619805',
    'ETH',
    6.4,
    'DEPOSIT',
    'confirmed',
    '2025-10-23'
);

INSERT INTO public.transactions (investor_id, asset_code, amount, type, status, created_at)
VALUES (
    '1b5bc810-c737-5406-8590-68f495bf50e5',
    'SOL',
    87.98,
    'DEPOSIT',
    'confirmed',
    '2025-10-23'
);

INSERT INTO public.transactions (investor_id, asset_code, amount, type, status, created_at)
VALUES (
    '1b5bc810-c737-5406-8590-68f495bf50e5',
    'BTC',
    0.062,
    'DEPOSIT',
    'confirmed',
    '2025-10-23'
);

INSERT INTO public.transactions (investor_id, asset_code, amount, type, status, created_at)
VALUES (
    '1b5bc810-c737-5406-8590-68f495bf50e5',
    'USDT',
    97695.0,
    'DEPOSIT',
    'confirmed',
    '2025-10-23'
);

INSERT INTO public.transactions (investor_id, asset_code, amount, type, status, created_at)
VALUES (
    '5e835847-27eb-58ff-ad59-995b958fe23d',
    'USDT',
    10450.0,
    'DEPOSIT',
    'confirmed',
    '2025-10-23'
);

INSERT INTO public.transactions (investor_id, asset_code, amount, type, status, created_at)
VALUES (
    'e086ccaf-7a07-5ba9-b5b7-4359983ccfa2',
    'ETH',
    0.0359,
    'DEPOSIT',
    'confirmed',
    '2025-11-03'
);

INSERT INTO public.transactions (investor_id, asset_code, amount, type, status, created_at)
VALUES (
    '1b5bc810-c737-5406-8590-68f495bf50e5',
    'ETH',
    2.5064,
    'DEPOSIT',
    'confirmed',
    '2025-11-03'
);

INSERT INTO public.transactions (investor_id, asset_code, amount, type, status, created_at)
VALUES (
    'faaa9b08-c545-5b67-9e4a-6f83f599423b',
    'ETH',
    1.0677,
    'DEPOSIT',
    'confirmed',
    '2025-11-03'
);

INSERT INTO public.transactions (investor_id, asset_code, amount, type, status, created_at)
VALUES (
    '0e8a1ee8-8276-5c5a-9a21-8a75846a0434',
    'ETH',
    4.794,
    'DEPOSIT',
    'confirmed',
    '2025-11-03'
);

INSERT INTO public.transactions (investor_id, asset_code, amount, type, status, created_at)
VALUES (
    '35d59f82-9730-5010-ba48-c97f612fa3a5',
    'USDT',
    -113841.65,
    'WITHDRAWAL',
    'confirmed',
    '2025-11-03'
);

INSERT INTO public.transactions (investor_id, asset_code, amount, type, status, created_at)
VALUES (
    '812f13e6-4175-5a7e-bf2f-84cd19619805',
    'ETH',
    6.95,
    'DEPOSIT',
    'confirmed',
    '2025-11-04'
);

INSERT INTO public.transactions (investor_id, asset_code, amount, type, status, created_at)
VALUES (
    'fba6a3f3-775d-5249-88e1-769ed2e38a0f',
    'USDT',
    35300.0,
    'DEPOSIT',
    'confirmed',
    '2025-11-04'
);

INSERT INTO public.transactions (investor_id, asset_code, amount, type, status, created_at)
VALUES (
    '812f13e6-4175-5a7e-bf2f-84cd19619805',
    'ETH',
    7.6215,
    'DEPOSIT',
    'confirmed',
    '2025-11-05'
);

INSERT INTO public.transactions (investor_id, asset_code, amount, type, status, created_at)
VALUES (
    '62de504b-ef46-55d0-8b53-2166ddb61883',
    'BTC',
    -0.283,
    'WITHDRAWAL',
    'confirmed',
    '2025-11-05'
);

INSERT INTO public.transactions (investor_id, asset_code, amount, type, status, created_at)
VALUES (
    '464b743a-a1e7-5772-8ca6-bb4a87ebab17',
    'BTC',
    -0.4408,
    'WITHDRAWAL',
    'confirmed',
    '2025-11-05'
);

INSERT INTO public.transactions (investor_id, asset_code, amount, type, status, created_at)
VALUES (
    '464b743a-a1e7-5772-8ca6-bb4a87ebab17',
    'ETH',
    -12.22,
    'WITHDRAWAL',
    'confirmed',
    '2025-11-05'
);

INSERT INTO public.transactions (investor_id, asset_code, amount, type, status, created_at)
VALUES (
    'a8db5b60-6cb2-5cf6-aa1f-d22fe6dd0887',
    'USDT',
    840168.03,
    'DEPOSIT',
    'confirmed',
    '2025-11-07'
);

INSERT INTO public.transactions (investor_id, asset_code, amount, type, status, created_at)
VALUES (
    '812f13e6-4175-5a7e-bf2f-84cd19619805',
    'ETH',
    10.224,
    'DEPOSIT',
    'confirmed',
    '2025-11-07'
);

INSERT INTO public.transactions (investor_id, asset_code, amount, type, status, created_at)
VALUES (
    '1b5bc810-c737-5406-8590-68f495bf50e5',
    'USDT',
    -50000.0,
    'WITHDRAWAL',
    'confirmed',
    '2025-11-08'
);

INSERT INTO public.transactions (investor_id, asset_code, amount, type, status, created_at)
VALUES (
    '1b5bc810-c737-5406-8590-68f495bf50e5',
    'BTC',
    0.4867,
    'DEPOSIT',
    'confirmed',
    '2025-11-08'
);

INSERT INTO public.transactions (investor_id, asset_code, amount, type, status, created_at)
VALUES (
    '2df91c31-573b-524f-a5ba-69b663e56a64',
    'USDT',
    299915.77,
    'DEPOSIT',
    'confirmed',
    '2025-11-13'
);

INSERT INTO public.transactions (investor_id, asset_code, amount, type, status, created_at)
VALUES (
    '048cb62d-f5ee-5157-82b6-c90115173517',
    'BTC',
    3.3,
    'DEPOSIT',
    'confirmed',
    '2025-11-17'
);

INSERT INTO public.transactions (investor_id, asset_code, amount, type, status, created_at)
VALUES (
    '048cb62d-f5ee-5157-82b6-c90115173517',
    'ETH',
    78.0,
    'DEPOSIT',
    'confirmed',
    '2025-11-17'
);

INSERT INTO public.transactions (investor_id, asset_code, amount, type, status, created_at)
VALUES (
    '048cb62d-f5ee-5157-82b6-c90115173517',
    'SOL',
    1800.05,
    'DEPOSIT',
    'confirmed',
    '2025-11-17'
);

INSERT INTO public.transactions (investor_id, asset_code, amount, type, status, created_at)
VALUES (
    '048cb62d-f5ee-5157-82b6-c90115173517',
    'XRP',
    135003.0,
    'DEPOSIT',
    'confirmed',
    '2025-11-17'
);

INSERT INTO public.transactions (investor_id, asset_code, amount, type, status, created_at)
VALUES (
    '812f13e6-4175-5a7e-bf2f-84cd19619805',
    'ETH',
    6.234,
    'DEPOSIT',
    'confirmed',
    '2025-11-17'
);

INSERT INTO public.transactions (investor_id, asset_code, amount, type, status, created_at)
VALUES (
    '1b5bc810-c737-5406-8590-68f495bf50e5',
    'USDT',
    -47908.0,
    'WITHDRAWAL',
    'confirmed',
    '2025-11-21'
);

INSERT INTO public.transactions (investor_id, asset_code, amount, type, status, created_at)
VALUES (
    '048cb62d-f5ee-5157-82b6-c90115173517',
    'BTC',
    1.0,
    'DEPOSIT',
    'confirmed',
    '2025-11-25'
);

INSERT INTO public.transactions (investor_id, asset_code, amount, type, status, created_at)
VALUES (
    '048cb62d-f5ee-5157-82b6-c90115173517',
    'XRP',
    49000.0,
    'DEPOSIT',
    'confirmed',
    '2025-11-25'
);

INSERT INTO public.transactions (investor_id, asset_code, amount, type, status, created_at)
VALUES (
    '048cb62d-f5ee-5157-82b6-c90115173517',
    'SOL',
    750.0,
    'DEPOSIT',
    'confirmed',
    '2025-11-25'
);

INSERT INTO public.transactions (investor_id, asset_code, amount, type, status, created_at)
VALUES (
    '048cb62d-f5ee-5157-82b6-c90115173517',
    'ETH',
    35.0,
    'DEPOSIT',
    'confirmed',
    '2025-11-25'
);

INSERT INTO public.transactions (investor_id, asset_code, amount, type, status, created_at)
VALUES (
    '1b5bc810-c737-5406-8590-68f495bf50e5',
    'BTC',
    0.548,
    'DEPOSIT',
    'confirmed',
    '2025-11-25'
);

INSERT INTO public.transactions (investor_id, asset_code, amount, type, status, created_at)
VALUES (
    '997c46c9-775e-57bc-b081-0004e1731a30',
    'USDT',
    50000.0,
    'DEPOSIT',
    'confirmed',
    '2025-11-25'
);

INSERT INTO public.transactions (investor_id, asset_code, amount, type, status, created_at)
VALUES (
    'fba6a3f3-775d-5249-88e1-769ed2e38a0f',
    'USDT',
    18000.0,
    'DEPOSIT',
    'confirmed',
    '2025-11-26'
);

INSERT INTO public.transactions (investor_id, asset_code, amount, type, status, created_at)
VALUES (
    '2df91c31-573b-524f-a5ba-69b663e56a64',
    'USDT',
    -87937.0,
    'WITHDRAWAL',
    'confirmed',
    '2025-11-26'
);

INSERT INTO public.transactions (investor_id, asset_code, amount, type, status, created_at)
VALUES (
    'a51c6009-de6c-500b-a3e9-e25cad07831b',
    'USDT',
    100000.0,
    'DEPOSIT',
    'confirmed',
    '2025-11-27'
);

INSERT INTO public.transactions (investor_id, asset_code, amount, type, status, created_at)
VALUES (
    '2df91c31-573b-524f-a5ba-69b663e56a64',
    'BTC',
    1.0,
    'DEPOSIT',
    'confirmed',
    '2025-11-27'
);

INSERT INTO public.transactions (investor_id, asset_code, amount, type, status, created_at)
VALUES (
    '4d0f7e52-89f7-5abd-bdc8-3547f1c0eb3e',
    'BTC',
    3.411,
    'DEPOSIT',
    'confirmed',
    '2025-11-27'
);

INSERT INTO public.transactions (investor_id, asset_code, amount, type, status, created_at)
VALUES (
    '048cb62d-f5ee-5157-82b6-c90115173517',
    'BTC',
    1.2,
    'DEPOSIT',
    'confirmed',
    '2025-11-30'
);

INSERT INTO public.transactions (investor_id, asset_code, amount, type, status, created_at)
VALUES (
    '048cb62d-f5ee-5157-82b6-c90115173517',
    'XRP',
    45000.0,
    'DEPOSIT',
    'confirmed',
    '2025-11-30'
);

INSERT INTO public.transactions (investor_id, asset_code, amount, type, status, created_at)
VALUES (
    '048cb62d-f5ee-5157-82b6-c90115173517',
    'SOL',
    750.0,
    'DEPOSIT',
    'confirmed',
    '2025-11-30'
);

INSERT INTO public.transactions (investor_id, asset_code, amount, type, status, created_at)
VALUES (
    '048cb62d-f5ee-5157-82b6-c90115173517',
    'ETH',
    33.0,
    'DEPOSIT',
    'confirmed',
    '2025-11-30'
);

INSERT INTO public.transactions (investor_id, asset_code, amount, type, status, created_at)
VALUES (
    '812f13e6-4175-5a7e-bf2f-84cd19619805',
    'ETH',
    9.14,
    'DEPOSIT',
    'confirmed',
    '2025-12-02'
);

INSERT INTO public.transactions (investor_id, asset_code, amount, type, status, created_at)
VALUES (
    '35d59f82-9730-5010-ba48-c97f612fa3a5',
    'SOL',
    -1285.66,
    'WITHDRAWAL',
    'confirmed',
    '2025-12-04'
);

INSERT INTO public.transactions (investor_id, asset_code, amount, type, status, created_at)
VALUES (
    '467c3ca9-c4ba-5129-91c2-dbed66f9171c',
    'ETH',
    31.37,
    'DEPOSIT',
    'confirmed',
    '2025-12-04'
);

-- 3. Statements (PDF Links)

INSERT INTO public.statements (id, investor_id, period_year, period_month, asset_code, begin_balance, additions, redemptions, net_income, end_balance, storage_path)
VALUES (
    'd9a9fbcc-224a-406a-8a89-df5848487c9e',
    '35d59f82-9730-5010-ba48-c97f612fa3a5',
    2025,
    8,
    'USDT',
    0, 0, 0, 0, 0,
    'REPORTS/Reporting_YieldFund - August 2025 (2).pdf'
) ON CONFLICT (investor_id, period_year, period_month, asset_code) DO UPDATE SET storage_path = EXCLUDED.storage_path;

INSERT INTO public.statements (id, investor_id, period_year, period_month, asset_code, begin_balance, additions, redemptions, net_income, end_balance, storage_path)
VALUES (
    'd2015d2f-780b-421a-ab11-d99848664d86',
    '35d59f82-9730-5010-ba48-c97f612fa3a5',
    2025,
    2,
    'USDT',
    0, 0, 0, 0, 0,
    'REPORTS/Reporting_YieldFund - February.pdf'
) ON CONFLICT (investor_id, period_year, period_month, asset_code) DO UPDATE SET storage_path = EXCLUDED.storage_path;

INSERT INTO public.statements (id, investor_id, period_year, period_month, asset_code, begin_balance, additions, redemptions, net_income, end_balance, storage_path)
VALUES (
    '6b1d7e5b-93dc-4cc0-b111-f58b0b651cda',
    '35d59f82-9730-5010-ba48-c97f612fa3a5',
    2025,
    5,
    'USDT',
    0, 0, 0, 0, 0,
    'REPORTS/Reporting_YieldFund - May 2025 (1).pdf'
) ON CONFLICT (investor_id, period_year, period_month, asset_code) DO UPDATE SET storage_path = EXCLUDED.storage_path;

INSERT INTO public.statements (id, investor_id, period_year, period_month, asset_code, begin_balance, additions, redemptions, net_income, end_balance, storage_path)
VALUES (
    'c2d94890-1391-4c6e-8e3d-654db0b562c9',
    '1b5bc810-c737-5406-8590-68f495bf50e5',
    2024,
    10,
    'USDT',
    0, 0, 0, 0, 0,
    'REPORTS/Jose MOLLA_Reporting_YieldFund - October 2024.pdf'
) ON CONFLICT (investor_id, period_year, period_month, asset_code) DO UPDATE SET storage_path = EXCLUDED.storage_path;

INSERT INTO public.statements (id, investor_id, period_year, period_month, asset_code, begin_balance, additions, redemptions, net_income, end_balance, storage_path)
VALUES (
    'f0fc9747-873a-460a-b0f5-d603d546e396',
    '35d59f82-9730-5010-ba48-c97f612fa3a5',
    2025,
    11,
    'USDT',
    0, 0, 0, 0, 0,
    'REPORTS/Reporting_YieldFund.Novembre (1).pdf'
) ON CONFLICT (investor_id, period_year, period_month, asset_code) DO UPDATE SET storage_path = EXCLUDED.storage_path;

INSERT INTO public.statements (id, investor_id, period_year, period_month, asset_code, begin_balance, additions, redemptions, net_income, end_balance, storage_path)
VALUES (
    'e86a38cd-0672-48ef-b9db-c6dbf510e422',
    '35d59f82-9730-5010-ba48-c97f612fa3a5',
    2025,
    10,
    'USDT',
    0, 0, 0, 0, 0,
    'REPORTS/Reporting_YieldFund - October 2025.pdf'
) ON CONFLICT (investor_id, period_year, period_month, asset_code) DO UPDATE SET storage_path = EXCLUDED.storage_path;

INSERT INTO public.statements (id, investor_id, period_year, period_month, asset_code, begin_balance, additions, redemptions, net_income, end_balance, storage_path)
VALUES (
    'd62ded32-c00d-4646-bd52-9a61b08a5045',
    '62de504b-ef46-55d0-8b53-2166ddb61883',
    2024,
    10,
    'USDT',
    0, 0, 0, 0, 0,
    'REPORTS/Danielle Richetta_Reporting_YieldFund - October 2024.pdf'
) ON CONFLICT (investor_id, period_year, period_month, asset_code) DO UPDATE SET storage_path = EXCLUDED.storage_path;

INSERT INTO public.statements (id, investor_id, period_year, period_month, asset_code, begin_balance, additions, redemptions, net_income, end_balance, storage_path)
VALUES (
    '4f9ff24a-fa41-476b-876a-72f59d52ddae',
    '35d59f82-9730-5010-ba48-c97f612fa3a5',
    2025,
    1,
    'USDT',
    0, 0, 0, 0, 0,
    'REPORTS/Reporting_YieldFund - January 2025.pdf'
) ON CONFLICT (investor_id, period_year, period_month, asset_code) DO UPDATE SET storage_path = EXCLUDED.storage_path;

INSERT INTO public.statements (id, investor_id, period_year, period_month, asset_code, begin_balance, additions, redemptions, net_income, end_balance, storage_path)
VALUES (
    'fc3c4f09-2947-444a-8210-d994a5791168',
    '4d0f7e52-89f7-5abd-bdc8-3547f1c0eb3e',
    2024,
    10,
    'USDT',
    0, 0, 0, 0, 0,
    'REPORTS/Vivie-Ann Bakos_Reporting_YieldFund - October 2024.pdf'
) ON CONFLICT (investor_id, period_year, period_month, asset_code) DO UPDATE SET storage_path = EXCLUDED.storage_path;

INSERT INTO public.statements (id, investor_id, period_year, period_month, asset_code, begin_balance, additions, redemptions, net_income, end_balance, storage_path)
VALUES (
    '8af290dc-f592-4aa9-ad8e-051ea7be7f11',
    '35d59f82-9730-5010-ba48-c97f612fa3a5',
    2025,
    7,
    'USDT',
    0, 0, 0, 0, 0,
    'REPORTS/Reporting_YieldFund - July 2025.pdf'
) ON CONFLICT (investor_id, period_year, period_month, asset_code) DO UPDATE SET storage_path = EXCLUDED.storage_path;

INSERT INTO public.statements (id, investor_id, period_year, period_month, asset_code, begin_balance, additions, redemptions, net_income, end_balance, storage_path)
VALUES (
    '8eed65e8-c589-4173-b34a-aece61a471b8',
    '35d59f82-9730-5010-ba48-c97f612fa3a5',
    2025,
    6,
    'USDT',
    0, 0, 0, 0, 0,
    'REPORTS/Reporting_YieldFund - June 2025.pdf'
) ON CONFLICT (investor_id, period_year, period_month, asset_code) DO UPDATE SET storage_path = EXCLUDED.storage_path;

INSERT INTO public.statements (id, investor_id, period_year, period_month, asset_code, begin_balance, additions, redemptions, net_income, end_balance, storage_path)
VALUES (
    'fb023edf-fd7a-40cc-a74a-296e77425cec',
    'a839e2e2-32a6-50b3-8222-2e42a4477564',
    2024,
    10,
    'USDT',
    0, 0, 0, 0, 0,
    'REPORTS/Thomas Puech_Reporting_YieldFund - October 2024.pdf'
) ON CONFLICT (investor_id, period_year, period_month, asset_code) DO UPDATE SET storage_path = EXCLUDED.storage_path;

INSERT INTO public.statements (id, investor_id, period_year, period_month, asset_code, begin_balance, additions, redemptions, net_income, end_balance, storage_path)
VALUES (
    'e640de86-235e-47cc-ac20-8beea1ee343b',
    '5effb696-9d8e-56e2-bf10-05f1a9a2ccba',
    2024,
    10,
    'USDT',
    0, 0, 0, 0, 0,
    'REPORTS/Matthias Reiser_Reporting_YieldFund - October 2024.pdf'
) ON CONFLICT (investor_id, period_year, period_month, asset_code) DO UPDATE SET storage_path = EXCLUDED.storage_path;

INSERT INTO public.statements (id, investor_id, period_year, period_month, asset_code, begin_balance, additions, redemptions, net_income, end_balance, storage_path)
VALUES (
    '6b01d518-06f7-4f79-b874-9b43dd8435cd',
    '0116835a-b1ef-52fe-bffc-a93a23859d15',
    2024,
    10,
    'USDT',
    0, 0, 0, 0, 0,
    'REPORTS/KYLE GULAMERIAN_Reporting_YieldFund - October 2024.pdf'
) ON CONFLICT (investor_id, period_year, period_month, asset_code) DO UPDATE SET storage_path = EXCLUDED.storage_path;

INSERT INTO public.statements (id, investor_id, period_year, period_month, asset_code, begin_balance, additions, redemptions, net_income, end_balance, storage_path)
VALUES (
    'ae0cb6e8-1328-47ff-b844-57967f13f907',
    '35d59f82-9730-5010-ba48-c97f612fa3a5',
    2025,
    4,
    'USDT',
    0, 0, 0, 0, 0,
    'REPORTS/Reporting_YieldFund April 2025.pdf'
) ON CONFLICT (investor_id, period_year, period_month, asset_code) DO UPDATE SET storage_path = EXCLUDED.storage_path;

INSERT INTO public.statements (id, investor_id, period_year, period_month, asset_code, begin_balance, additions, redemptions, net_income, end_balance, storage_path)
VALUES (
    '4d250e18-f1b3-435b-ba51-94c76fdcd2c1',
    '35d59f82-9730-5010-ba48-c97f612fa3a5',
    2025,
    3,
    'USDT',
    0, 0, 0, 0, 0,
    'REPORTS/Reporting_YieldFund - March 2025.pdf'
) ON CONFLICT (investor_id, period_year, period_month, asset_code) DO UPDATE SET storage_path = EXCLUDED.storage_path;

INSERT INTO public.statements (id, investor_id, period_year, period_month, asset_code, begin_balance, additions, redemptions, net_income, end_balance, storage_path)
VALUES (
    'ce5af467-4862-4633-8f3a-88152f08ea56',
    '35d59f82-9730-5010-ba48-c97f612fa3a5',
    2024,
    12,
    'USDT',
    0, 0, 0, 0, 0,
    'REPORTS/Reporting_YieldFund December 2024 .pdf'
) ON CONFLICT (investor_id, period_year, period_month, asset_code) DO UPDATE SET storage_path = EXCLUDED.storage_path;

INSERT INTO public.statements (id, investor_id, period_year, period_month, asset_code, begin_balance, additions, redemptions, net_income, end_balance, storage_path)
VALUES (
    'ae94e6c1-e0b8-4603-92a4-45c0cf7b71dc',
    'faaa9b08-c545-5b67-9e4a-6f83f599423b',
    2024,
    10,
    'USDT',
    0, 0, 0, 0, 0,
    'REPORTS/Nathanaël Cohen_Reporting_YieldFund - October 2024.pdf'
) ON CONFLICT (investor_id, period_year, period_month, asset_code) DO UPDATE SET storage_path = EXCLUDED.storage_path;
